{"cameraMode":{"drawMode":0,"name":"Shaded","section":"Shading Mode"},"sceneLighting":false,"audioPlay":false,"sceneViewState":{"m_AlwaysRefresh":false,"showFog":true,"showSkybox":false,"showFlares":true,"showImageEffects":true,"showParticleSystems":true,"showVisualEffectGraphs":true,"m_FxEnabled":true},"in2DMode":false,"pivot":{"x":0.05150306224822998,"y":2.7152950763702394,"z":0.08373785018920899},"rotation":{"x":-0.11375082284212113,"y":-0.8073542714118958,"z":0.16551625728607179,"w":-0.5548418760299683},"size":4.988665580749512,"orthographic":false}