{"cameraMode":{"drawMode":0,"name":"Shaded","section":"Shading Mode"},"sceneLighting":false,"audioPlay":false,"sceneViewState":{"m_AlwaysRefresh":false,"showFog":true,"showSkybox":false,"showFlares":true,"showImageEffects":true,"showParticleSystems":true,"showVisualEffectGraphs":true,"m_FxEnabled":true},"in2DMode":false,"pivot":{"x":0.19188913702964784,"y":0.25377127528190615,"z":-0.767865777015686},"rotation":{"x":-0.02591812238097191,"y":0.14799940586090089,"z":-0.0038780798204243185,"w":-0.9886475205421448},"size":0.31297940015792849,"orthographic":false}