{"cameraMode":{"drawMode":0,"name":"Shaded","section":"Shading Mode"},"sceneLighting":true,"audioPlay":false,"sceneViewState":{"m_AlwaysRefresh":false,"showFog":true,"showSkybox":true,"showFlares":true,"showImageEffects":true,"showParticleSystems":true,"showVisualEffectGraphs":true,"m_FxEnabled":true},"in2DMode":false,"pivot":{"x":-255.68154907226563,"y":23.395715713500978,"z":-1.8701051473617554},"rotation":{"x":0.35338178277015688,"y":0.6203987002372742,"z":-0.3681011199951172,"w":0.5955914855003357},"size":52.318424224853519,"orthographic":false}