{"cameraMode":{"drawMode":0,"name":"Shaded","section":"Shading Mode"},"sceneLighting":true,"audioPlay":false,"sceneViewState":{"m_AlwaysRefresh":false,"showFog":true,"showSkybox":true,"showFlares":true,"showImageEffects":true,"showParticleSystems":true,"showVisualEffectGraphs":true,"m_FxEnabled":true},"in2DMode":false,"pivot":{"x":102.6138916015625,"y":76.54606628417969,"z":0.9448769688606262},"rotation":{"x":-0.22894063591957093,"y":0.012256004847586155,"z":-0.0029509798623621465,"w":-0.9733932614326477},"size":0.5510449409484863,"orthographic":false}