{"cameraMode":{"drawMode":0,"name":"Shaded","section":"Shading Mode"},"sceneLighting":true,"audioPlay":false,"sceneViewState":{"m_AlwaysRefresh":false,"showFog":true,"showSkybox":true,"showFlares":true,"showImageEffects":true,"showParticleSystems":true,"showVisualEffectGraphs":true,"m_FxEnabled":true},"in2DMode":false,"pivot":{"x":508.1253662109375,"y":122.98236083984375,"z":-555.82373046875},"rotation":{"x":-0.009001682512462139,"y":-0.012580130249261856,"z":0.000047678717237431556,"w":-0.9999231100082398},"size":9.550000190734864,"orthographic":false}