{"cameraMode":{"drawMode":0,"name":"Shaded","section":"Shading Mode"},"sceneLighting":false,"audioPlay":false,"sceneViewState":{"m_AlwaysRefresh":false,"showFog":true,"showSkybox":false,"showFlares":true,"showImageEffects":true,"showParticleSystems":true,"showVisualEffectGraphs":true,"m_FxEnabled":true},"in2DMode":false,"pivot":{"x":-1.6263662576675416,"y":1.3661348819732667,"z":3.165048837661743},"rotation":{"x":0.007918776012957096,"y":0.20759828388690949,"z":0.0016999588115140796,"w":-0.9782078266143799},"size":2.713167905807495,"orthographic":false}