{"cameraMode":{"drawMode":0,"name":"Shaded","section":"Shading Mode"},"sceneLighting":false,"audioPlay":false,"sceneViewState":{"m_AlwaysRefresh":false,"showFog":true,"showSkybox":false,"showFlares":true,"showImageEffects":true,"showParticleSystems":true,"showVisualEffectGraphs":true,"m_FxEnabled":true},"in2DMode":false,"pivot":{"x":0.5699422359466553,"y":2.885953426361084,"z":0.5170905590057373},"rotation":{"x":-0.017236951738595964,"y":-0.4389427900314331,"z":-0.008434939198195935,"w":0.8983291387557983},"size":4.758874893188477,"orthographic":false}