{"cameraMode":{"drawMode":0,"name":"Shaded","section":"Shading Mode"},"sceneLighting":false,"audioPlay":false,"sceneViewState":{"m_AlwaysRefresh":false,"showFog":true,"showSkybox":false,"showFlares":true,"showImageEffects":true,"showParticleSystems":true,"showVisualEffectGraphs":true,"m_FxEnabled":true},"in2DMode":false,"pivot":{"x":0.38536784052848818,"y":1.0836809873580933,"z":-1.0714918375015259},"rotation":{"x":0.038160793483257297,"y":0.04544812813401222,"z":-0.0017404778627678753,"w":0.998243510723114},"size":1.5180656909942628,"orthographic":false}