{"cameraMode":{"drawMode":0,"name":"Shaded","section":"Shading Mode"},"sceneLighting":false,"audioPlay":false,"sceneViewState":{"m_AlwaysRefresh":false,"showFog":true,"showSkybox":false,"showFlares":true,"showImageEffects":true,"showParticleSystems":true,"showVisualEffectGraphs":true,"m_FxEnabled":true},"in2DMode":false,"pivot":{"x":0.5482058525085449,"y":0.24402958154678346,"z":0.8767501711845398},"rotation":{"x":0.003970053978264332,"y":-0.7994568943977356,"z":-0.005271594505757093,"w":-0.6007376313209534},"size":2.713167905807495,"orthographic":false}