{"cameraMode":{"drawMode":0,"name":"Shaded","section":"Shading Mode"},"sceneLighting":false,"audioPlay":false,"sceneViewState":{"m_AlwaysRefresh":false,"showFog":true,"showSkybox":true,"showFlares":true,"showImageEffects":true,"showParticleSystems":true,"showVisualEffectGraphs":true,"m_FxEnabled":true},"in2DMode":false,"pivot":{"x":37.230873107910159,"y":0.3376835584640503,"z":7.397413730621338},"rotation":{"x":-0.05032937973737717,"y":0.04554897919297218,"z":-0.0022783828899264337,"w":-0.9977163672447205},"size":5.1703290939331059,"orthographic":false}