{"cameraMode":{"drawMode":0,"name":"Shaded","section":"Shading Mode"},"sceneLighting":false,"audioPlay":false,"sceneViewState":{"m_AlwaysRefresh":false,"showFog":true,"showSkybox":true,"showFlares":true,"showImageEffects":true,"showParticleSystems":true,"showVisualEffectGraphs":true,"m_FxEnabled":true},"in2DMode":false,"pivot":{"x":33.39640808105469,"y":11.049052238464356,"z":-23.348613739013673},"rotation":{"x":0.18081918358802796,"y":0.6634736657142639,"z":-0.16961054503917695,"w":0.7060917615890503},"size":4.9131927490234379,"orthographic":false}