{"cameraMode":{"drawMode":0,"name":"Shaded","section":"Shading Mode"},"sceneLighting":true,"audioPlay":false,"sceneViewState":{"m_AlwaysRefresh":false,"showFog":true,"showSkybox":true,"showFlares":true,"showImageEffects":true,"showParticleSystems":true,"showVisualEffectGraphs":true,"m_FxEnabled":true},"in2DMode":false,"pivot":{"x":405.35595703125,"y":17.948455810546876,"z":548.1672973632813},"rotation":{"x":0.18964415788650514,"y":-0.010313750244677067,"z":0.001992427743971348,"w":0.9818005561828613},"size":524.7435913085938,"orthographic":false}