{"cameraMode":{"drawMode":0,"name":"Shaded","section":"Shading Mode"},"sceneLighting":false,"audioPlay":false,"sceneViewState":{"m_AlwaysRefresh":false,"showFog":true,"showSkybox":false,"showFlares":true,"showImageEffects":true,"showParticleSystems":true,"showVisualEffectGraphs":true,"m_FxEnabled":true},"in2DMode":false,"pivot":{"x":0.353442907333374,"y":0.857546329498291,"z":0.11525881290435791},"rotation":{"x":-0.01854941062629223,"y":0.3967835009098053,"z":-0.008018197491765023,"w":-0.9176971316337586},"size":1.5016685724258423,"orthographic":false}