{"cameraMode":{"drawMode":0,"name":"Shaded","section":"Shading Mode"},"sceneLighting":false,"audioPlay":false,"sceneViewState":{"m_AlwaysRefresh":false,"showFog":true,"showSkybox":false,"showFlares":true,"showImageEffects":true,"showParticleSystems":true,"showVisualEffectGraphs":true,"m_FxEnabled":true},"in2DMode":false,"pivot":{"x":0.019121374934911729,"y":0.3149999976158142,"z":-1.4550031423568726},"rotation":{"x":0.021401865407824518,"y":-0.4379981458187103,"z":0.010427760891616345,"w":0.8986696004867554},"size":1.4888333082199097,"orthographic":false}