{"cameraMode":{"drawMode":0,"name":"Shaded","section":"Shading Mode"},"sceneLighting":false,"audioPlay":false,"sceneViewState":{"m_AlwaysRefresh":false,"showFog":true,"showSkybox":false,"showFlares":true,"showImageEffects":true,"showParticleSystems":true,"showVisualEffectGraphs":true,"m_FxEnabled":true},"in2DMode":false,"pivot":{"x":1.6567281484603882,"y":1.941633939743042,"z":-0.3283977508544922},"rotation":{"x":-0.007084535900503397,"y":-0.042791180312633517,"z":-0.00030154106207191944,"w":0.9990735650062561},"size":3.831346035003662,"orthographic":false}